tag,title,price
[외국도서],"My Asian Recipes - Blank Recipe Book: 7"" x 10"" Blank Recipe Book for Asian Food Chefs - asdf Cover (50 Pages) (Paperback)","9,570원"
[외국도서],Asdf: A Novelette (Paperback),"11,720원"
[외국도서],Insert titleasdf asdf asd (Paperback),"67,800원"
[외국도서],Art is Dead : The asdf Book (Hardcover),"15,560원"
[음반],무소속프로젝트 2017 컴필레이션,"14,900원"
[외국도서],"Notebook for Mobile Gamers Nerds and Geeks Prince: Dot Dotted Grid Funny Notebook Diary Journal Clash Lover Gift For Men & Women (6"" x 9"" 100 Pages) R (Paperback)","8,330원"
[외국도서],"Notebook for Mobile Gamers Nerds and Geeks Hog Rider: Dot Dotted Grid Funny Notebook Diary Journal Clash Lover Gift For Men & Women (6"" x 9"" 100 Pages (Paperback)","8,330원"
[외국도서],Chasing Butterflies (Paperback),"15,520원"
[외국도서],"Notebook for Mobile Gamers Nerds and Geeks Goblin Barrel: Dot Dotted Grid Funny Notebook Diary Journal Clash Lover Gift For Men & Women (6"" x 9"" 100 P (Paperback)","8,330원"
[외국도서],"Notebook for Mobile Gamers Nerds and Geeks King: Dot Dotted Grid Funny Notebook Diary Journal Clash Lover Gift For Men & Women (6"" x 9"" 100 Pages) Roy (Paperback)","8,330원"
[외국도서],"Notebook for Mobile Gamers Nerds and Geeks Golem: Dot Dotted Grid Funny Notebook Diary Journal Clash Lover Gift For Men & Women (6"" x 9"" 100 Pages) Ro (Paperback)","8,330원"
[외국도서],"Notebook for Mobile Gamers Nerds and Geeks Arena: Dot Dotted Grid Funny Notebook Diary Journal Clash Lover Gift For Men & Women (6"" x 9"" 100 Pages) Ro (Paperback)","8,330원"
[외국도서],ASDF-Lernmodul - 10-Finger-Tastschreiben (Pamphlet),"14,650원"
[외국도서],"ASDF-Lernmodul, Arbeitsheft (Pamphlet)","12,820원"
[외국도서],"ASDF-Lernmodul, m. CD-ROM (Paperback)","60,540원"
[국내도서],대한민국 철도시간지도,"2,700원"
